advworkerSession,StudentName,StudentEmail,SubmissionGrade,AssessmentGrade
"OA3 - 2019.06.03","Lombardo Matteo",matteo19991930@gmail.com,83.00,73.40
"OA3 - 2019.06.03","Zoccoli Gioele Maria",gioelezoccoli99@gmail.com,82.00,69.38
"OA3 - 2019.06.03","colozzi jacopo",colozzi.1870519@studenti.uniroma1.it,78.00,79.45
"OA3 - 2019.06.03","Pimpinella Giovanni",g.pimpinella@outlook.it,91.00,69.56
"OA3 - 2019.06.03","Cuconasu Florin",fcuconsu@gmail.com,87.31,79.26
"OA3 - 2019.06.03","Belli Domenico",domenicobelli1999@outlook.com,42.35,41.53
"OA3 - 2019.06.03","Pastorelli Matteo",matteo.pastorelli99@gmail.com,58.85,84.41
"OA3 - 2019.06.03","Bruno Giuseppe",giuseppe.bruno98@libero.it,69.43,78.28
