advworkerSession,StudentName,StudentEmail,SubmissionGrade,AssessmentGrade
"OA4 - 2019.06.14","Zoccoli Gioele Maria",gioelezoccoli99@gmail.com,81.06,69.38
"OA4 - 2019.06.14","Belli Domenico",domenicobelli1999@outlook.com,81.83,41.53
"OA4 - 2019.06.14","Bruno Giuseppe",giuseppe.bruno98@libero.it,76.66,78.28
"OA4 - 2019.06.14","colozzi jacopo",colozzi.1870519@studenti.uniroma1.it,87.00,79.45
"OA4 - 2019.06.14","Pimpinella Giovanni",g.pimpinella@outlook.it,94.72,69.56
"OA4 - 2019.06.14","Lombardo Matteo",matteo19991930@gmail.com,83.50,73.40
"OA4 - 2019.06.14","Pastorelli Matteo",matteo.pastorelli99@gmail.com,53.61,84.41
